Feature,Importance
MACD,0.12876202
BB_Upper,0.12509695
SMA_50,0.121798724
BB_Lower,0.11156765
Daily_Return,0.10656732
SMA_20,0.10620225
RSI_14,0.105913036
MACD_Signal,0.10384853
Volume_Change,0.09024358
