Feature,Importance
Daily_Return,0.27201967705745533
SMA_20,0.2673213699247214
RSI_14,0.23662392597388343
SMA_50,0.22403502704393985
